Title,Link
"GKToday - Current Affairs, GK (General Knowledge), General ...",https://www.google.com/goto?url=CAESTwHrOzAV1M9CT1SHS8Rai3hTVIYGb1DCMhOvdA2JwyR3NT3NnzbN_g69hQT8-FcubnXu4rX1PMwH_0ARAVF4yc5hoTMHvwIABQuCVewowWc
The Hindu: Latest News today from India and the World ...,https://www.google.com/goto?url=CAESUQHrOzAVdtEy_dGWwM-InWn6hGCHWqS8Gs4l5vBB0fYjJIj1v-ggzsa4Wut-Z5VtX3CnHhuS-cbSwTxD86OGEt5YZyw2iHIp1cLphQ5okkrt1A
"Latest Current Affairs 2026, Daily News & Editorials PDF",https://www.google.com/goto?url=CAESewHrOzAVNA7hhQ924Wiw0LIZzq1IZv04Miwb3fw7F1QEHNkli7eoShnnI30IDjS-ZZo6N7gYKmzFfD5HY8YJlDgLZa4xfDFz-5CwKLsMswDU0ZBLmR35CxeweLWJqJR3xAMJX3G1tQm2ZM8p7t2pd9-r437VVejtmjoXKA
Home Page:Press Information Bureau,https://www.google.com/goto?url=CAESZwHrOzAVjkWGDLvP9fnYGQ8iK0YZ37sSi9Dm7BAVMh7fJI_tJJQ_jCxeqNwHDyctmHyc6VUxpTnXUNhft1IaaEpjmnquqWoS0_OSZBzPceKvMqto_ZE6FMxJwwZ3caqKXxctgjOsQ6M
Current Affairs Today 30 Aug 2026 I UPSC Daily Current ...,https://www.google.com/goto?url=CAESYwHrOzAVko4Iv3Noa9muHdDROK4L_ttEcPV0hSbC20IN5V8lNsCKf2duQnAlC3-qcV4nSEJ14xPHU12kYy5tKCvtAVD_uOA4p4yr6km-Ow_rMJBbEDeJi14FSkXjcOThs8lTVQ
Attempt Today's Current Affairs Quiz with Answers,https://www.google.com/goto?url=CAEScQHrOzAVS-MXZ4C_69Vqu-VxFyE_0XV20FgX7KdFz-TWlszXa8GrvOVVF9vyteOKgA-FApK3dQJOQT_n2Jc1VDvs3mNQQT8VTORMUeskD5_XGXxj9C3_QOxyW8uYi5GKeapTNRoe5gNFvNlW4Wi3DEI6
Current Affairs,https://www.google.com/goto?url=CAESiAEB6zswFQkC0o5YWFvRnqig3f5NwfkMESM-XrFt-hZ86gnzntK5l9XK8cng5EzYGM-dCL37I4wV3ktpgSV0RqQkNcayXa1wzAi4nSyr0O2h_8D-JUIc0NEfd_8t_UpAFYC7GF3qNuBh3uC5xU03bYlC-zD5b4R3LANRYPX8p-HE537szVCazOoq
Best Current Affairs for UPSC,https://www.google.com/goto?url=CAESYAHrOzAVvJWPzdgBr4SR0w0q3HaziPZxrgL3E3Erb0l5tyw_p6qAPEvx_ZD9bYGL6udW34kp5xmfD-zkutJUU4HZV6Z-DZEOupp8O1P0mJRHPEcy_Zq-iwrIV8k0rBtudw
Current Affairs 2026 - Today's Latest Current Affairs,https://www.google.com/goto?url=CAESWwHrOzAVFwCQdl0gAar3sk6wK15KNs3bcT-c0_Pl1M9-KtFinS2yDFDtSVxDq9TMT0uaq8iOdZvvPndFLO9a4it9-gTjJUlTvjUY3gfg2TkL_sD4A5bXK-KeD0E
August 2026 Current Affairs Revision | Current Affairs Today ...,https://www.google.com/goto?url=CAESYwHrOzAVUbRR3SYqHLUlWaL_jCqSqmaIENJgypyQmhY6p_ac78a2FIu20fkJAH2mK667oMrussupfAh21xUtWokN7d5dIR3YKOGAyoGHjdUhwybdihWdTs9vq-CP6r4uAruGww
UPSC Daily Current Affairs for Prelims & Mains - Delhi,https://www.google.com/goto?url=CAESYgHrOzAVpwxu7Fxas_Eg8sorEJC8aA7lNQE0hnWFAOxtaKqPq2Y0zTm3vSPSoQsvuYuh7C_4F6I9rXeRtdD8EAJMc7VO-QhJl3-zqXsL9kaLoxRtC_npQ2WoPQlPDvZ1jBq9
Current Affairs,https://www.google.com/goto?url=CAESXQHrOzAVGSHC00Ke4vPFy2FX8gt8jnjRuc06Orpkz3lNUoLZa0gviF9h1CjEouqawx9801CKOz4Ll4VjEm6e5ZVirOr1tgALEHkidoEQtVUyaq9SHpgZw_RhkvWmRw
"Indian Express Explained: Current Affairs India, Latest ...",https://www.google.com/goto?url=CAESZAHrOzAVr5q-cYg-ZLJ5XnsbZptIToNovNE39xWRMLboK7GxerEaTakkASyaS5ahplYX8UtxAg7GiFIO20wOsFqMKz9k9XZE7VLia9NkROVO5QiGZcN7w_VKEuaFzD2zyKWvSko
"Indiags: Daily Current Affairs, Current Events & Articles",https://www.google.com/goto?url=CAESUAHrOzAV1pwPesJyuTXhGSuX49P_EPY7sApdpdMCQTN1ViNhVNbChAL2XEYL2cXNKTkYZrscG1u3VftA9c_yBZicj_MXhO1408P0phG4Tpic
"Latest News, Breaking News, Top News Headlines and ...",https://www.google.com/goto?url=CAESYAHrOzAVLs6Kyu589VNpHQtqASKHJr4eAirU0uK0fGr5iJwcwT2pkln53zhXQzfEo1cSTpfUZ-670z76xrQ2gooBG0ZSJU0Gj940jeUk4IreRfu9PuXb_Mv1OuuEqeY_qw
Current Affairs | Akashvani News,https://www.google.com/goto?url=CAESewHrOzAV9sEOhbVtud6KXEI0l_NH1SFH8OuZkcFY5EeFwn2OnuplfZDPwvIgCgJF7nCA1GxjnMIO2MYldiyOsB6t_0ryV0DMAOO6uec75UEUp_YrPiND6B2l9indfN3N_FoQ6M5ZoyjWXkiqXc924ullqFzNEQt3W0J8QQ
National Current Affairs Today- Latest News from India,https://www.google.com/goto?url=CAESZAHrOzAVZcPkCzwT8BTJ8A3XJLFfCldF8jWUhGB-_xNeVUL2HOWX90CgEkeR5PCjh8p9abcR2qGE2k91XLwV1Rqg3-eRGxyqa1rQXwQpBqYh9M0dU2HyAK_Q-MHD3XOTpr3VIxY
channel Current Affairs Updated,https://www.google.com/goto?url=CAEScAHrOzAVyzxEoybQ7ab04lxZFAr9LSV2lMa8Xpq_Vwxk5qFnHTZeLI0uMTu5vA2hzE3Djjv0d9OifRISsztIbQXNliTCxUYvzEhF_3ivepRk_RknbmojcIEciIOCoOuDvBMKK7haaLxfVMeX0a3QaB0
"Home | Ministry of External Affairs , Government of India",https://www.google.com/goto?url=CAESTwHrOzAVEx5a4xUFfsYD12IG0f-f_Hjh90Ra3Ok06wLbd4w7GGdmn7h22oYHXBCQqPv02RqZKtgEOd7YQvAe5FID10FCI3-9h6dU14DJHz8
"Home | Ministry of External Affairs , Government of India",https://www.google.com/goto?url=CAESTwHrOzAVno_kbd1OziV2JzsvLgvumvKajQ3I9HKhnsPNWCbp7j3Ig2oO3BsVhnKOdxKqa0YGxJ5ts_SBVWAJQEUxZI6KimDzNBWT2g-tgqI
Today's Breaking News & Latest Updates From India,https://www.google.com/goto?url=CAESZAHrOzAVJboOGB4t74HEdw3IgiIIlS7V6GN84hI-K5GEwaX8GIJtAG7np-xJNypUo8blQbaUoa4pAKtXZ2kfd1AcbjVOlz7EccErYnjVqQOYKi567trTYUAURz_pPUMaAlYrbng
"Monthly Current Affairs 2026 PDFs for UPSC, State PCS, B",https://www.google.com/goto?url=CAESbgHrOzAV_TtBsic0kGA3HY99J54vwU4cj6C5Lim2O0nFx3UGZOoHk7S_5CrZsr6jbO-sRFG-_F4o-fiUIHxAp2EKNgGJ27b0qCU1kYdFrPUKaEfX2_UvZtuvKSxuWWm-R3CYppObQD2HroQE8N6d
Current Affairs,https://www.google.com/goto?url=CAESqwEB6zswFbSE2SnEk1er3nAXrjtbNcI2G5BmqnkcvlT-ZEz-yTGQfhPhsZQUy5EvjfQtFdfzd60KbQwqqnMIH_ZyeZlsWkP-VhTnT95S3_67pmlL7aweH_9805UUIuNUMBdqCDND6zFQ4OJfEnpei4JdOH32_wBZcSC00OFyvLxcxhPH1kSUV6zl0yJx4Hit2opaojIEmL5ftxC_hFeIZblCMAg_kY5L5HQqfuc
Latest Current Affairs for Competitive Exams,https://www.google.com/goto?url=CAESbQHrOzAVdN9cs9TbOvVcapISo5Trl-0XQhLt9_kN2zfXFCWuY8Uqd0B2xJf28Nsd6xUUYYgZi-UCZs9H6pq9JEoZPbsyKja-yg7JWHuQqy7C1hGTcS0JYFE_CgAZ_3DQOUuHuFDBJVEPv5gQ6k0
Daily Current Affairs for UPSC IAS 2026,https://www.google.com/goto?url=CAESbQHrOzAVdV9Dp5xjTlZS0aoYM-qmFI_4lMZZSylC8TsFz0SkRHG9XoM-Rt8imldQzwT0goHL_3OmTEUT0NnhRU0UXxz6e7VZ5uCzVB1PkhHw1EHiVtFgfZplisa2hPFjuSybM83BDHZ4tX91ICU
"The Hindu Newspaper Analysis | 30th Aug, 2026 | UPSC, PIB ...",https://www.google.com/goto?url=CAESYwHrOzAVs50IE8svXieb__ke-0Hgfb_DU-DQRNKj7PGDi6oiz27KxdR5-VpO_YI4NlHpLyyZ11WRVqO97euSZJzHc1tNiH8WoiPdVqyvX2iSdXbayp8SJ5wzYJtS5_KXG6X4vw
Current Affairs Questions and Answers,https://www.google.com/goto?url=CAESdwHrOzAVswl-HznOumOO8h_GYhlIvqz31V_6uX-vrXNu9UX-h5dTGCsJdmGckYYHIyvCtynl46dQguBjbUz1jB4cV2ze-I4mSZOR2Dm1oIIgCob5prSEqwhP8Fg969_lyaB69vgreyLopfuzFEzEijahqsv0UvWZ
"Weekly Current Affairs for ESE, CSE, SSC and SES Exams",https://www.google.com/goto?url=CAESZgHrOzAVJav9EUYUdgxAJrkpmFkGWe_P8cMSkA8pSV_EiqD3f6a857ZZhhYFl10JGIKu_7jIIEa5MHKcKRr4FYQ3fLoSbPnki0LGB71E3KwfXWZHsdk1i8LAkEg7EB27BZln-mgv-Q
Daily Current Affairs Quiz,https://www.google.com/goto?url=CAESfAHrOzAV7UIz0rDQ06X6WnYUUh9LJ_31c2BolgGVUge3UIGhstqiu5-wfQzhPDI82kMoRedjVG6PS7D5QWQn_501y5t72l6LWQx1Y9jp016FM-eKEnboChCfeO9W54rw3Gx9Q6ks8GDL-Sr6LQwo9nHm67h8M3wkERnCIQo
Current Affairs Questions and Answers,https://www.google.com/goto?url=CAESdwHrOzAVb2_mmfElCIS6n1e6B3_MCt_XUDZdR4vG3u6lvGA6FSDg7TtuyZm0_rcpQ_u4CE2S-v1dtyefVArJvZMxrJFQZG9QU1pwr5HX23NAq9wnu0x9YAwByskttU_Bj3PL9xrnF1yQ--Zrg4n8jBDlWFP8EX_8
"GK Now: Daily Current Affairs 2026 – MCQs, Quiz & Free PDF ...",https://www.google.com/goto?url=CAESSQHrOzAVjsvQC_qBtfAGrgDo3bLWM4uAN3YLOXKhjerVGerO0d9QOjce8ICRQFJoppKH50PhZSApqi_HUdr927VjktAi3DIRZvw
Drishti IAS State PCS Current Affairs for PCS Exam ...,https://www.google.com/goto?url=CAESWwHrOzAVxC3aEH_pGU3jR4vz5xoyRZZwXHR4rx5y9bPjVcnkjpc5zFLw9ysdtMDJhcI6S5U4AZMSoMPSHcgLr420nyZRVBJ7qqxkTONwsiH0lAq8Qi_GK3k8vMQ
Stay Updated with Daily Current Affairs for UPSC,https://www.google.com/goto?url=CAESwQEB6zswFU9kGN2O4Q0f5xmVO-VAYkafI5CV4Wssf0OJf6eeqc2t3O6LzLs2Pgy_YV8VhtxL1mPpPpKkXCqrlCiuCYKs0l8WDvihKx23xElRiagte3c4nTnoidPzQjQ-AL0Xg85J_hPYSmzsfZyymH6xVl_GYtiB5Fz9tc3FHiTl95_q87RDzRs6oesKOL7OKl5sCsEEJJbaZkphVHp7VIkFH1dMVDlxCr4U7R3pEo5WqOWqk3CfEtUMxde7Z3QEMQyM
India Nation & States Current Affairs,https://www.google.com/goto?url=CAESfgHrOzAVtwotY8EGOCTL4233364Zs7iZ1t9k8giUyTkaKtxmsndLxnhO3khm-xwSKucmsR4oaQ6Ra_Fcri-ogT8Sv6FJjNTvff3HxMNkG9DA-l0rvbKodWseMQuPGvFF9E6yIOg1l7SJxP68M37xJqCPkOYv3eLReBCNSIWVJA
"Indian Express Explained: Current Affairs India, Latest ...",https://www.google.com/goto?url=CAESZAHrOzAVhhasE0GnRsJ6N6x7WooI4l3W9JL9BqBkK3KbNtVQDkp2ByhH5WEFepz4tV7dthjoOZ1DJRfUqcQ-l-IgUySfU88zVsRXu3i247JfiEj_FY-tiZC3iMC8jlyGqvkg1TA
UPSC Daily Current Affairs for Prelims & Mains - Delhi,https://www.google.com/goto?url=CAESYgHrOzAV5n6wsGxKFJw7C04niPjE7o2X604cIuRCvjWdTuPXzLMLToogSeixZcoEG33Nn3eXo4ZZPZ3IyAYW7OoLqAngDi1_pOAxEylHpqqSFtRY5lMYm31iloEM1d5X5g2r
CrackitToday Affairs,https://www.google.com/goto?url=CAESWQHrOzAVCgFeyJ3zEli1zjW31o_ABdi40jkyxL1GUbMd_3q3T4RwRiiIFPOIlWpWr-7Fx1y8dm3jiPEk6jctv76FmY0genti1Xo-_xYHe4quo0_hIqNiEFpO
Competitive Exams Crack करने के लिए #currentaffairs सबसे ...,https://www.google.com/goto?url=CAESYAHrOzAVbhJTqjH0Zmscq78NMD0rcWCvXG6QcZJNg24SK6G2LWMs4q8iJ5GfBVUlR86H90CNYeVrhmZ6WXqOa6D08mHjl0dX-QRhwmDTR-lbbJl8ve1eL3yn3Vv4jRUpoQ
SSC Monthly Current Affairs 2026 PDF - EXAMS,https://www.google.com/goto?url=CAEScQHrOzAV2Ua-dtjPmz6r_-pTl3msei5wN82gyLbzKGY3qkX02j9UtSJToC459WpsEfJTQBETBnlc-8xnneVscPLrlQvYGj_CmSk3xy66oGAbF2j1Nu-bDnQVfRSCcASczX0PmbxgA62LFu6HyGRNo0VY
Current Affairs,https://www.google.com/goto?url=CAESXgHrOzAVNCY6SwxMMP63virtJ5lPsn9MsLNYCNryQ8FIlAR6UX9j4rpzeL3FLyZOnfqojMEAbCViYeBr1riWZYPIVsCKUp-b93qITk0ofOD8ijvqcFOOyF30_e_ovJg
UPSC Daily Current Affairs,https://www.google.com/goto?url=CAESbAHrOzAV_ozY5YEM0BDIyxZddTNL8HFxJrJ-0YO-6hCLFs2YfVF-4omYWmB1NF3a84mb7VjBrDixjF_b5LPjugEhjjJEiHpmfe99fwm5cygzTCe-A0H7sSCLaHnbokFx8eBfNAxeUol_c5wqNQ
Current Affairs Today 29 Aug 2026 I UPSC Daily Current ...,https://www.google.com/goto?url=CAESYwHrOzAVS-eM0c9M-4nnSMJkOE5RmzrXDyKIY1n5yDMkAquRa-p5CVG2_f6IJU9710Lr4lhkZDCh_55AobvL2oY16TtcA_fhcy7ng84jFp-_RhoQgsR1s2zs6STTgcHBu2XK6A
News Today Archives | Current Affairs,https://www.google.com/goto?url=CAESbwHrOzAVJdXZdyIf4L9MDqQhRa3lhfBOcEO1k2Y3xJ7TnzcbvZXlzcPwJa-mlRClytFpEMQUI6y2iqq903EN4lL_qOuhGSIYTeUaRIBKzonQsjCVtC-IasB6su4VWZcPggg4GFNsyaVBdnuZKjTD7g
Current Affairs 2026: Latest Updates for Competitive Exams,https://www.google.com/goto?url=CAESnwEB6zswFTb5OWNDhBnw6VvIr9bin3N4O2idnM1BqBrHtqDorWNfQiov00HGTpSruI-P2i04tfhaFncVP5ZsEhfobkYyTjcyl0Hf48Ag87ghgp-HFNtJXI-GmQGhvybw9u3P6zPGm5VUR5KhwGJgzmpg3WfczU9L6Cl5mP9UqMFPMGe-09vK-AplRD-uGeLh_X3JtbVMTZ-r66OogWZLPqk
Current Affairs 2026: Get Today's Current Affairs Free PDF,https://www.google.com/goto?url=CAESXAHrOzAV4lwIlCRZEI6XHegvLdF5vsJabVS7R2Cek2Bv4hEvTgt_BxqldHJ-ej342HUMnwZlthtYCdNz-Fi5s-hVO4xWCYVBESWG0nVRptrKrp3p8WRLI4-OnWrN
India | Latest News & Updates,https://www.google.com/goto?url=CAESYQHrOzAVHLgvGG2xIVhH-EdseBz_Z_g7iXuMbsioum0n8z5God3VTA_hbMOrwuSAnV00hTtwk_7A4wKnRfPVPLH0oczEs-cywvDgpkSKkGoxJOzWbonLrXO90S5pSdU4S6Y
होम पेज:पत्र सूचना कार्यालय,https://www.google.com/goto?url=CAESTwHrOzAVm4sm_GmqybHs5lYIx_L6pt1-_MnmR_XQqohbcRHRQdQbbqLOOY22czLv8yYWut4lq37UkoEh_TtNh80E2EL-sUc8zPQ9AYm_SSw
Current Affairs Today | 26 Aug 2026 Current Affairs | Daily ...,https://www.google.com/goto?url=CAESYwHrOzAV02T731F_7kWqHdWnhhIydZ4VpNv0TD_7B5pPQzvwoL3_aN9K5Co8H9f1Ub6et76yOHhMIcy23MOMnLi8lr1kcRliu7HrKVrkBwg4GORBUwTIF86on-FGDKWIppDhsg
INSIGHTS IAS CURRENT AFFAIRS,https://www.google.com/goto?url=CAESdQHrOzAVOVIN6YoLfkWBe82y7HQHEjDwBudKh5PecC7YH4VI4SxYskJT_uBmMd82e3Tft4IurD3t_aPjnC9cMoDq9xONsgjAdkp29qg1RgdoPx08vaDzcTYhAmTX7qUrHym0AxLapwhQYdPDgGdDfajfb2dLEA
General Knowledge Quiz PDF | Latest Current Affairs 2026,https://www.google.com/goto?url=CAEShwEB6zswFa3B5kgDaEVsoD4LC2hTtCxBKTu5agqHq9x4GFf9L6GyiPsc9Cfm-ujKjvdt1YC4cxm_5cyMU3N1kZDKVSpM7qouiRIhYLLRyoWHbMbpsnpPMQTQti-bmXiM1GXWw3hI69DrJJ9mwfsAMam44VgvwCcn_fwNcehLC8zsi4znWMYXyz8
